[
  {
    "slug": "london",
    "name": "London",
    "country": "UK",
    "countryCode": "GB",
    "region": "UK",
    "landmarks": ["Oxford Street", "Covent Garden", "Soho"],
    "neighborhoods": ["Westminster", "Camden", "Shoreditch"],
    "lat": 51.5074,
    "lng": -0.1278
  },
  {
    "slug": "manchester",
    "name": "Manchester",
    "country": "UK",
    "countryCode": "GB",
    "region": "UK",
    "landmarks": ["Northern Quarter", "Spinningfields", "Deansgate"],
    "neighborhoods": ["City Centre", "Didsbury", "Chorlton"],
    "lat": 53.4808,
    "lng": -2.2426
  },
  {
    "slug": "birmingham",
    "name": "Birmingham",
    "country": "UK",
    "countryCode": "GB",
    "region": "UK",
    "landmarks": ["Bullring", "Mailbox", "Brindleyplace"],
    "neighborhoods": ["City Centre", "Edgbaston", "Harborne"],
    "lat": 52.4862,
    "lng": -1.8904
  },
  {
    "slug": "glasgow",
    "name": "Glasgow",
    "country": "UK",
    "countryCode": "GB",
    "region": "UK",
    "landmarks": ["Buchanan Street", "Merchant City", "West End"],
    "neighborhoods": ["City Centre", "Finnieston", "Shawlands"],
    "lat": 55.8642,
    "lng": -4.2518
  },
  {
    "slug": "leeds",
    "name": "Leeds",
    "country": "UK",
    "countryCode": "GB",
    "region": "UK",
    "landmarks": ["Victoria Quarter", "Corn Exchange", "Kirkgate Market"],
    "neighborhoods": ["City Centre", "Headingley", "Chapel Allerton"],
    "lat": 53.8008,
    "lng": -1.5491
  },
  {
    "slug": "liverpool",
    "name": "Liverpool",
    "country": "UK",
    "countryCode": "GB",
    "region": "UK",
    "landmarks": ["Albert Dock", "Liverpool ONE", "Bold Street"],
    "neighborhoods": ["City Centre", "Baltic Triangle", "Lark Lane"],
    "lat": 53.4084,
    "lng": -2.9916
  },
  {
    "slug": "edinburgh",
    "name": "Edinburgh",
    "country": "UK",
    "countryCode": "GB",
    "region": "UK",
    "landmarks": ["Royal Mile", "Princes Street", "Grassmarket"],
    "neighborhoods": ["Old Town", "New Town", "Leith"],
    "lat": 55.9533,
    "lng": -3.1883
  },
  {
    "slug": "bristol",
    "name": "Bristol",
    "country": "UK",
    "countryCode": "GB",
    "region": "UK",
    "landmarks": ["Clifton", "Harbourside", "Cabot Circus"],
    "neighborhoods": ["City Centre", "Clifton", "Southville"],
    "lat": 51.4545,
    "lng": -2.5879
  },
  {
    "slug": "sheffield",
    "name": "Sheffield",
    "country": "UK",
    "countryCode": "GB",
    "region": "UK",
    "landmarks": ["Winter Garden", "Meadowhall", "Devonshire Quarter"],
    "neighborhoods": ["City Centre", "Ecclesall", "Kelham Island"],
    "lat": 53.3811,
    "lng": -1.4701
  },
  {
    "slug": "cardiff",
    "name": "Cardiff",
    "country": "UK",
    "countryCode": "GB",
    "region": "UK",
    "landmarks": ["Cardiff Bay", "St David's", "Castle Quarter"],
    "neighborhoods": ["City Centre", "Pontcanna", "Roath"],
    "lat": 51.4816,
    "lng": -3.1791
  },
  {
    "slug": "newcastle",
    "name": "Newcastle",
    "country": "UK",
    "countryCode": "GB",
    "region": "UK",
    "landmarks": ["Quayside", "Eldon Square", "Grey Street"],
    "neighborhoods": ["City Centre", "Jesmond", "Gosforth"],
    "lat": 54.9783,
    "lng": -1.6178
  },
  {
    "slug": "nottingham",
    "name": "Nottingham",
    "country": "UK",
    "countryCode": "GB",
    "region": "UK",
    "landmarks": ["Old Market Square", "Lace Market", "Hockley"],
    "neighborhoods": ["City Centre", "West Bridgford", "Beeston"],
    "lat": 52.9548,
    "lng": -1.1581
  },
  {
    "slug": "leicester",
    "name": "Leicester",
    "country": "UK",
    "countryCode": "GB",
    "region": "UK",
    "landmarks": ["Highcross", "Cultural Quarter", "Golden Mile"],
    "neighborhoods": ["City Centre", "Clarendon Park", "Stoneygate"],
    "lat": 52.6369,
    "lng": -1.1398
  },
  {
    "slug": "belfast",
    "name": "Belfast",
    "country": "Northern Ireland",
    "countryCode": "GB",
    "region": "UK",
    "landmarks": ["Victoria Square", "Titanic Quarter", "Cathedral Quarter"],
    "neighborhoods": ["City Centre", "Queen's Quarter", "Stranmillis"],
    "lat": 54.5973,
    "lng": -5.9301
  },
  {
    "slug": "brighton",
    "name": "Brighton",
    "country": "UK",
    "countryCode": "GB",
    "region": "UK",
    "landmarks": ["The Lanes", "North Laine", "Brighton Pier"],
    "neighborhoods": ["City Centre", "Hove", "Kemptown"],
    "lat": 50.8225,
    "lng": -0.1372
  },
  {
    "slug": "southampton",
    "name": "Southampton",
    "country": "UK",
    "countryCode": "GB",
    "region": "UK",
    "landmarks": ["WestQuay", "Ocean Village", "Bedford Place"],
    "neighborhoods": ["City Centre", "Portswood", "Shirley"],
    "lat": 50.9097,
    "lng": -1.4044
  },
  {
    "slug": "new-york",
    "name": "New York",
    "country": "United States",
    "countryCode": "US",
    "region": "US",
    "landmarks": ["Manhattan", "Brooklyn", "SoHo"],
    "neighborhoods": ["Midtown", "Upper East Side", "Williamsburg"],
    "lat": 40.7128,
    "lng": -74.0060
  },
  {
    "slug": "los-angeles",
    "name": "Los Angeles",
    "country": "United States",
    "countryCode": "US",
    "region": "US",
    "landmarks": ["Beverly Hills", "Hollywood", "Santa Monica"],
    "neighborhoods": ["West Hollywood", "Downtown LA", "Venice"],
    "lat": 34.0522,
    "lng": -118.2437
  },
  {
    "slug": "miami",
    "name": "Miami",
    "country": "United States",
    "countryCode": "US",
    "region": "US",
    "landmarks": ["South Beach", "Brickell", "Wynwood"],
    "neighborhoods": ["Downtown Miami", "Coral Gables", "Coconut Grove"],
    "lat": 25.7617,
    "lng": -80.1918
  },
  {
    "slug": "chicago",
    "name": "Chicago",
    "country": "United States",
    "countryCode": "US",
    "region": "US",
    "landmarks": ["The Loop", "Magnificent Mile", "River North"],
    "neighborhoods": ["Downtown", "Lincoln Park", "Wicker Park"],
    "lat": 41.8781,
    "lng": -87.6298
  },
  {
    "slug": "dallas",
    "name": "Dallas",
    "country": "United States",
    "countryCode": "US",
    "region": "US",
    "landmarks": ["Downtown Dallas", "Uptown", "Deep Ellum"],
    "neighborhoods": ["Knox-Henderson", "Bishop Arts", "Highland Park"],
    "lat": 32.7767,
    "lng": -96.7970
  },
  {
    "slug": "atlanta",
    "name": "Atlanta",
    "country": "United States",
    "countryCode": "US",
    "region": "US",
    "landmarks": ["Midtown", "Buckhead", "Downtown"],
    "neighborhoods": ["Virginia-Highland", "Inman Park", "Poncey-Highland"],
    "lat": 33.7490,
    "lng": -84.3880
  },
  {
    "slug": "houston",
    "name": "Houston",
    "country": "United States",
    "countryCode": "US",
    "region": "US",
    "landmarks": ["Downtown Houston", "Galleria", "Heights"],
    "neighborhoods": ["Montrose", "River Oaks", "The Woodlands"],
    "lat": 29.7604,
    "lng": -95.3698
  },
  {
    "slug": "phoenix",
    "name": "Phoenix",
    "country": "United States",
    "countryCode": "US",
    "region": "US",
    "landmarks": ["Downtown Phoenix", "Scottsdale", "Tempe"],
    "neighborhoods": ["Arcadia", "Central Phoenix", "Biltmore"],
    "lat": 33.4484,
    "lng": -112.0740
  },
  {
    "slug": "dubai",
    "name": "Dubai",
    "country": "United Arab Emirates",
    "countryCode": "AE",
    "region": "UAE",
    "landmarks": ["Dubai Mall", "Marina", "Downtown Dubai"],
    "neighborhoods": ["JBR", "Business Bay", "DIFC"],
    "lat": 25.2048,
    "lng": 55.2708
  },
  {
    "slug": "abu-dhabi",
    "name": "Abu Dhabi",
    "country": "United Arab Emirates",
    "countryCode": "AE",
    "region": "UAE",
    "landmarks": ["Corniche", "Yas Island", "Sheikh Zayed Grand Mosque"],
    "neighborhoods": ["Al Reem Island", "Al Maryah Island", "Khalifa City"],
    "lat": 24.4539,
    "lng": 54.3773
  },
  {
    "slug": "sharjah",
    "name": "Sharjah",
    "country": "United Arab Emirates",
    "countryCode": "AE",
    "region": "UAE",
    "landmarks": ["Al Qasba", "Mega Mall", "Al Majaz Waterfront"],
    "neighborhoods": ["Al Nahda", "Al Khan", "Muweilah"],
    "lat": 25.3463,
    "lng": 55.4209
  },
  {
    "slug": "riyadh",
    "name": "Riyadh",
    "country": "Saudi Arabia",
    "countryCode": "SA",
    "region": "UAE",
    "landmarks": ["Kingdom Centre", "Al Faisaliyah", "Boulevard"],
    "neighborhoods": ["Olaya", "Al Malaz", "Diplomatic Quarter"],
    "lat": 24.7136,
    "lng": 46.6753
  },
  {
    "slug": "jeddah",
    "name": "Jeddah",
    "country": "Saudi Arabia",
    "countryCode": "SA",
    "region": "UAE",
    "landmarks": ["Corniche", "Red Sea Mall", "Historic Jeddah"],
    "neighborhoods": ["Al Hamra", "Al Rawdah", "Al Zahra"],
    "lat": 21.4858,
    "lng": 39.1925
  },
  {
    "slug": "sydney",
    "name": "Sydney",
    "country": "Australia",
    "countryCode": "AU",
    "region": "AU",
    "landmarks": ["Sydney CBD", "Bondi", "Darling Harbour"],
    "neighborhoods": ["Surry Hills", "Newtown", "Paddington"],
    "lat": -33.8688,
    "lng": 151.2093
  },
  {
    "slug": "melbourne",
    "name": "Melbourne",
    "country": "Australia",
    "countryCode": "AU",
    "region": "AU",
    "landmarks": ["CBD", "Southbank", "St Kilda"],
    "neighborhoods": ["Fitzroy", "Collingwood", "South Yarra"],
    "lat": -37.8136,
    "lng": 144.9631
  },
  {
    "slug": "brisbane",
    "name": "Brisbane",
    "country": "Australia",
    "countryCode": "AU",
    "region": "AU",
    "landmarks": ["Brisbane CBD", "South Bank", "Fortitude Valley"],
    "neighborhoods": ["New Farm", "West End", "Paddington"],
    "lat": -27.4698,
    "lng": 153.0251
  }
]
